person,cnt
Ursula Gerlach,5197
Jana Dach,4828
Estefania Bashirian,4508
Jasper Raynor,4370
Luz Reynolds,4334
Bart Prosacco,4095
Teagan Ziemann,4065
Alfreda Kovacek,4043
Carolyn Hessel,4030
Retta Mante,3995
Annette Huels,3975
Cyrus Ratke,3881
Judah Bruen,3871
Hertha Lakin,3861
Bernie Schmidt,3818
Mandy Kiehn,3722
Jerod Shields,3691
Danial Hilll,3652
Tremayne Boehm,3631
Carolyn Bashirian,3629
Harry Reinger,3613
Gene Upton,3591
Randi Mosciski,3581
Santos Mertz,3557
Jeanie Harvey,3538
Alexandria Grady,3532
Faye Luettgen,3516
Gilberto Batz,3480
Bert Greenholt,3440
Dee Waters,3416
Eino Stracke,3408
Billie Kautzer,3394
Jodie Nicolas,3393
Kristofer Gutkowski,3390
Omer Ebert,3387
Rosemarie Aufderhar,3344
Lyla Hodkiewicz,3342
Ashtyn Lesch,3336
Earlene Osinski,3326
Lilyan Beer,3265
Miracle Carter,3265
Enola Hodkiewicz,3253
Terrell Erdman,3253
Jonathon Raynor,3253
Griffin Reilly,3240
Jarvis Quitzon,3232
Savanah Bruen,3182
Aliya O'Reilly,3174
Kristin Ward,3166
Eloy Quitzon,3157
Garry Terry,3151
Ivah Bahringer,3147
Lauretta Boyer,3138
Joannie Bartoletti,3123
Felix Wisoky,3094
Richmond Dietrich,3088
Cordia Stamm,3074
Raquel Okuneva,3063
Cyrus Koch,3053
Frank Cartwright,3049
Zoila McDermott,3049
Oren Metz,3044
Richie Satterfield,3029
Tyson Beatty,3027
Heloise DuBuque,3027
Isom Hammes,3020
Coralie Glover,3016
Cortney Harber,3012
Lucinda Macejkovic,3012
Tristin Kohler,2997
Pierce Runolfsdottir,2989
Bryce Hilpert,2984
Daniella Carroll,2980
Tommie Brakus,2974
Zachariah Parker,2970
Rosella Kohler,2968
Janie Pacocha,2963
Ilene Ebert,2945
Alphonso Block,2943
Laurel Kihn,2936
Marion Fritsch,2932
Jarvis Waters,2924
Brooklyn Ondricka,2915
Layla Toy,2912
Cayla Hessel,2904
Hunter Swaniawski,2897
Patrick Purdy,2897
Abel Lakin,2885
Antonina Kohler,2879
Eric Gleichner,2877
Daryl Hilll,2872
Cathryn Farrell,2863
Justine Carter,2863
Keegan Wolf,2860
Candace Shields,2857
Curt Mayert,2832
Quinton Lubowitz,2824
Jacinthe Willms,2813
Melissa Haley,2811
Vicente Nikolaus,2806
Etha Wolf,2805
Daphney Weber,2800
Jarrod Hand,2797
Dimitri Murphy,2794
Carson Franecki,2793
Modesta Jaskolski,2791
Scottie Roob,2778
Mariela Okuneva,2756
Jaquan Monahan,2755
Deondre Anderson,2754
Judy Moore,2728
Enrique Reynolds,2724
Evie Cummerata,2718
Torey Steuber,2716
Emilie Bins,2696
Crawford Graham,2692
Autumn Lebsack,2690
Noemi Toy,2671
Lysanne Larson,2653
Mariela Bayer,2637
Marie Kunze,2636
Haylee O'Conner,2636
Kylie Jaskolski,2628
Era Heathcote,2618
Judy Brekke,2604
Ashleigh Lynch,2601
Landen Kuhlman,2597
Raven Jacobson,2568
Jeromy Dicki,2554
Ernie Miller,2534
Kaleigh Dibbert,2532
Alvera Pagac,2520
Tom Lemke,2519
Edmund Lockman,2519
Martine Treutel,2517
Clotilde Robel,2516
Edgar Crooks,2514
Susanna Heaney,2510
Makenzie McDermott,2510
Javon Shields,2503
Jace Terry,2490
Jedediah Cremin,2482
Kirstin Batz,2475
Sharon Wiza,2462
America Ferry,2448
Everardo O'Hara,2448
Mikayla Miller,2445
Hazel Williamson,2443
Khalid Lubowitz,2382
Stanley Gislason,2380
Felton Wuckert,2372
Kara Crooks,2362
Dortha Connelly,2348
Johnathan Daniel,2344
Ruby Stanton,2324
Macy Spencer,2323
Juanita Balistreri,2316
Barrett Franecki,2316
Krystal Auer,2309
Sallie Barton,2290
Vergie Zulauf,2289
Nadia Ernser,2272
Minerva Halvorson,2265
Ubaldo Reynolds,2265
Arlene Paucek,2260
Olaf Jacobson,2218
Malinda Mayert,2186
Asa Botsford,2171
Samson Hudson,2169
Thad Lynch,2156
Dorian Mraz,2151
Muriel Orn,2144
Daija Bins,2104
Elenora Lemke,2071
Gertrude Johnston,2047
Verda McLaughlin,2035
Raymundo Marks,2027
Ansley Rohan,1985
Tyson Morissette,1981
Merritt Corkery,1968
Bell Baumbach,1963
Keely Borer,1950
Judge Huels,1938
Ceasar Romaguera,1935
Alva Haag,1906
Janet Goodwin,1874
Vince Gutkowski,1861
Sophia Collins,1848
Lennie Doyle,1842
Brenna Parker,1818
Wilton Emmerich,1813
Luigi Upton,1764
Keon Hills,1713
Johnpaul Spencer,1681
Dudley Olson,1631
Marie Pfeffer,1625
Roxane Howell,1515
Brayan Hoppe,1396
Orlando West,1375
Kylee Larkin,988